[{
    "name": "网站主页",
    "icon": "&#xe68e;",
    "url": "/",
    "hidden": false,
    "list": []
},{
    "name": "首页",
    "icon": "&#xe68e;",
    "url": "index.php",
    "hidden": false,
    "list": []
}, {
    "name": "文章管理",
    "icon": "&#xe609;",
    "url": "",
    "hidden": false,
    "list": [{
        "name": "分类管理",
        "url": "index.php?sort=type"
    }, {
        "name": "关键词管理",
        "url": "index.php?sort=key"
    }, {
        "name": "文章管理",
        "url": "index.php?sort=edit"
    }, {
        "name": "标签管理",
        "url": "index.php?sort=key"
    }, {
        "name": "模块管理",
        "url": "index.php?sort=mod"
    }]
}, {
    "name": "系统设置",
    "icon": "&#xe620;",
    "url": "",
    "hidden": false,
    "list": [{
        "name": "插件管理",
        "url": "index.php?sort=plus"
    },{
        "name": "网站设置",
        "url": "index.php?sort=set"
    }, {
        "name": "友情连接",
        "url": "index.php?sort=link"
    },  {
        "name": "修改密码",
        "url": "index.php?sort=pass"
    }]
}, {
    "name": "退出登录",
    "icon": "&#xe65c;",
    "url": "index.php?sort=logout",
    "list": []
}]